MUTATION,CONSISTENT_PHENOTYPE
M1L,S
M1V,S
M1K,S
M1T,S
M1R,S
M1I,S
R2W,S
R2G,S
R2Q,S
R2L,S
R2P,S
A3T,S
A3S,S
A3P,S
A3E,S
A3V,S
A3G,S
L4M,S
L4V,S
L4S,S
L4W,S
L4F,S
I5F,S
I5L,S
I5V,S
I5N,S
I5T,S
I5S,S
I5M,S
I6F,S
I6L,S
I6V,S
I6N,S
I6T,S
I6S,S
I6M,S
V7I,S
V7F,S
V7L,S
V7D,S
V7A,S
V7G,S
D8N,S
D8Y,S
D8H,S
D8V,S
D8A,S
D8G,S
D8E,S
V9M,S
V9L,S
V9E,S
V9A,S
V9G,S
Q10K,S
Q10E,S
Q10L,S
Q10P,S
Q10R,S
Q10H,S
N11Y,S
N11H,S
N11D,S
N11I,S
N11T,S
N11S,S
N11K,S
D12N,S
D12Y,S
D12H,S
D12V,S
D12A,S
D12G,S
D12E,S
F13I,S
F13L,S
F13V,S
F13Y,S
F13S,S
F13C,S
C14S,S
C14R,S
C14G,S
C14Y,S
C14F,S
C14W,S
E15K,S
E15Q,S
E15V,S
E15A,S
E15G,S
E15D,S
G16S,S
G16C,S
G16R,S
G16D,S
G16V,S
G16A,S
G17S,S
G17C,S
G17R,S
G17D,S
G17V,S
G17A,S
S18T,S
S18P,S
S18A,S
S18L,S
S18W,S
L19M,S
L19V,S
L19Q,S
L19P,S
L19R,S
A20T,S
A20S,S
A20P,S
A20E,S
A20V,S
A20G,S
V21I,S
V21L,S
V21E,S
V21A,S
V21G,S
T22S,S
T22P,S
T22A,S
T22N,S
T22I,S
G23S,S
G23C,S
G23R,S
G23D,S
G23V,S
G23A,S
G24S,S
G24C,S
G24R,S
G24D,S
G24V,S
G24A,S
A25T,S
A25S,S
A25P,S
A25D,S
A25V,S
A25G,S
A26T,S
A26S,S
A26P,S
A26E,S
A26V,S
A26G,S
L27M,S
L27V,S
L27Q,S
L27P,S
L27R,S
A28T,S
A28S,S
A28P,S
A28D,S
A28V,S
A28G,S
R29S,S
R29C,S
R29G,S
R29H,S
R29L,S
R29P,S
A30T,S
A30S,S
A30P,S
A30D,S
A30V,S
A30G,S
I31F,S
I31L,S
I31V,S
I31N,S
I31T,S
I31S,S
I31M,S
S32C,S
S32R,S
S32G,S
S32N,S
S32I,S
S32T,S
D33N,S
D33Y,S
D33H,S
D33V,S
D33A,S
D33G,S
D33E,S
Y34N,S
Y34H,S
Y34D,S
Y34F,S
Y34S,S
Y34C,S
L35M,S
L35V,S
L35Q,S
L35P,S
L35R,S
A36T,S
A36S,S
A36P,S
A36D,S
A36V,S
A36G,S
E37K,S
E37Q,S
E37V,S
E37A,S
E37G,S
E37D,S
A38T,S
A38S,S
A38P,S
A38E,S
A38V,S
A38G,S
A39T,S
A39S,S
A39P,S
A39E,S
A39V,S
A39G,S
D40N,S
D40Y,S
D40H,S
D40V,S
D40A,S
D40G,S
D40E,S
Y41N,S
Y41H,S
Y41D,S
Y41F,S
Y41S,S
Y41C,S
H42N,S
H42Y,S
H42D,S
H42L,S
H42P,S
H42R,S
H42Q,S
H43N,S
H43Y,S
H43D,S
H43L,S
H43P,S
H43R,S
H43Q,S
V44I,S
V44F,S
V44L,S
V44D,S
V44A,S
V44G,S
V45M,S
V45L,S
V45E,S
V45A,S
V45G,S
A46T,S
A46S,S
A46P,S
A46E,S
A46V,S
A46G,S
T47S,S
T47P,S
T47A,S
T47N,S
T47I,S
K48Q,S
K48E,S
K48M,S
K48T,S
K48R,S
K48N,S
D49N,S
D49Y,S
D49H,S
D49V,S
D49A,S
D49G,S
D49E,S
F50I,S
F50L,S
F50V,S
F50Y,S
F50S,S
F50C,S
H51N,S
H51Y,S
H51D,S
H51L,S
H51P,S
H51R,S
H51Q,S
I52F,S
I52L,S
I52V,S
I52N,S
I52T,S
I52S,S
I52M,S
D53N,S
D53Y,S
D53H,S
D53V,S
D53A,S
D53G,S
D53E,S
P54T,S
P54S,S
P54A,S
P54Q,S
P54L,S
P54R,S
G55S,S
G55C,S
G55R,S
G55D,S
G55V,S
G55A,S
D56N,S
D56Y,S
D56H,S
D56V,S
D56A,S
D56G,S
D56E,S
H57N,S
H57Y,S
H57D,S
H57L,S
H57P,S
H57R,S
H57Q,S
F58I,S
F58L,S
F58V,S
F58Y,S
F58S,S
F58C,S
S59T,S
S59P,S
S59A,S
S59Y,S
S59F,S
S59C,S
G60S,S
G60C,S
G60R,S
G60D,S
G60V,S
G60A,S
T61S,S
T61P,S
T61A,S
T61K,S
T61I,S
T61R,S
P62T,S
P62S,S
P62A,S
P62Q,S
P62L,S
P62R,S
D63N,S
D63Y,S
D63H,S
D63V,S
D63A,S
D63G,S
D63E,S
Y64N,S
Y64H,S
Y64D,S
Y64F,S
Y64S,S
Y64C,S
S65T,S
S65P,S
S65A,S
S65Y,S
S65F,S
S65C,S
S66T,S
S66P,S
S66A,S
S66L,S
S66W,S
S67T,S
S67P,S
S67A,S
S67L,S
S67W,S
W68R,S
W68G,S
W68L,S
W68S,S
W68C,S
P69T,S
P69S,S
P69A,S
P69Q,S
P69L,S
P69R,S
P70T,S
P70S,S
P70A,S
P70Q,S
P70L,S
P70R,S
H71N,S
H71Y,S
H71D,S
H71L,S
H71P,S
H71R,S
H71Q,S
C72S,S
C72R,S
C72G,S
C72Y,S
C72F,S
C72W,S
V73I,S
V73F,S
V73L,S
V73D,S
V73A,S
V73G,S
S74C,S
S74R,S
S74G,S
S74N,S
S74I,S
S74T,S
G75S,S
G75C,S
G75R,S
G75D,S
G75V,S
G75A,S
T76S,S
T76P,S
T76A,S
T76N,S
T76I,S
P77T,S
P77S,S
P77A,S
P77H,S
P77L,S
P77R,S
G78S,S
G78C,S
G78R,S
G78D,S
G78V,S
G78A,S
A79T,S
A79S,S
A79P,S
A79E,S
A79V,S
A79G,S
D80N,S
D80Y,S
D80H,S
D80V,S
D80A,S
D80G,S
D80E,S
F81I,S
F81L,S
F81V,S
F81Y,S
F81S,S
F81C,S
H82N,S
H82Y,S
H82D,S
H82L,S
H82P,S
H82R,S
H82Q,S
P83T,S
P83S,S
P83A,S
P83H,S
P83L,S
P83R,S
S84C,S
S84R,S
S84G,S
S84N,S
S84I,S
S84T,S
L85M,S
L85V,S
L85Q,S
L85P,S
L85R,S
D86N,S
D86Y,S
D86H,S
D86V,S
D86A,S
D86G,S
D86E,S
T87S,S
T87P,S
T87A,S
T87K,S
T87M,S
T87R,S
S88T,S
S88P,S
S88A,S
S88L,S
S88W,S
A89T,S
A89S,S
A89P,S
A89E,S
A89V,S
A89G,S
I90F,S
I90L,S
I90V,S
I90N,S
I90T,S
I90S,S
I90M,S
E91K,S
E91Q,S
E91V,S
E91A,S
E91G,S
E91D,S
A92T,S
A92S,S
A92P,S
A92E,S
A92V,S
A92G,S
V93M,S
V93L,S
V93E,S
V93A,S
V93G,S
F94I,S
F94L,S
F94V,S
F94Y,S
F94S,S
F94C,S
Y95N,S
Y95H,S
Y95D,S
Y95F,S
Y95S,S
Y95C,S
K96Q,S
K96E,S
K96M,S
K96T,S
K96R,S
K96N,S
G97S,S
G97C,S
G97R,S
G97D,S
G97V,S
G97A,S
A98T,S
A98S,S
A98P,S
A98D,S
A98V,S
A98G,S
Y99N,S
Y99H,S
Y99D,S
Y99F,S
Y99S,S
Y99C,S
T100S,S
T100P,S
T100A,S
T100N,S
T100I,S
G101R,S
G101E,S
G101V,S
G101A,S
A102T,S
A102S,S
A102P,S
A102E,S
A102V,S
A102G,S
Y103N,S
Y103H,S
Y103D,S
Y103F,S
Y103S,S
Y103C,S
S104C,S
S104R,S
S104G,S
S104N,S
S104I,S
S104T,S
G105S,S
G105C,S
G105R,S
G105D,S
G105V,S
G105A,S
F106I,S
F106L,S
F106V,S
F106Y,S
F106S,S
F106C,S
E107K,S
E107Q,S
E107V,S
E107A,S
E107G,S
E107D,S
G108R,S
G108E,S
G108V,S
G108A,S
V109I,S
V109F,S
V109L,S
V109D,S
V109A,S
V109G,S
D110N,S
D110Y,S
D110H,S
D110V,S
D110A,S
D110G,S
D110E,S
E111K,S
E111Q,S
E111V,S
E111A,S
E111G,S
E111D,S
N112Y,S
N112H,S
N112D,S
N112I,S
N112T,S
N112S,S
N112K,S
G113S,S
G113C,S
G113R,S
G113D,S
G113V,S
G113A,S
T114S,S
T114P,S
T114A,S
T114K,S
T114M,S
T114R,S
P115T,S
P115S,S
P115A,S
P115Q,S
P115L,S
P115R,S
L116M,S
L116V,S
L116Q,S
L116P,S
L116R,S
L117M,S
L117V,S
L117Q,S
L117P,S
L117R,S
N118Y,S
N118H,S
N118D,S
N118I,S
N118T,S
N118S,S
N118K,S
W119R,S
W119G,S
W119L,S
W119S,S
W119C,S
L120M,S
L120V,S
L120Q,S
L120P,S
L120R,S
R121W,S
R121G,S
R121Q,S
R121L,S
R121P,S
Q122K,S
Q122E,S
Q122L,S
Q122P,S
Q122R,S
Q122H,S
R123S,S
R123C,S
R123G,S
R123H,S
R123L,S
R123P,S
G124S,S
G124C,S
G124R,S
G124D,S
G124V,S
G124A,S
V125I,S
V125F,S
V125L,S
V125D,S
V125A,S
V125G,S
D126N,S
D126Y,S
D126H,S
D126V,S
D126A,S
D126G,S
D126E,S
E127K,S
E127Q,S
E127V,S
E127A,S
E127G,S
E127D,S
V128I,S
V128F,S
V128L,S
V128D,S
V128A,S
V128G,S
D129N,S
D129Y,S
D129H,S
D129V,S
D129A,S
D129G,S
D129E,S
V130M,S
V130L,S
V130E,S
V130A,S
V130G,S
V131I,S
V131F,S
V131L,S
V131D,S
V131A,S
V131G,S
G132S,S
G132C,S
G132R,S
G132D,S
G132V,S
G132A,S
I133F,S
I133L,S
I133V,S
I133N,S
I133T,S
I133S,S
I133M,S
A134T,S
A134S,S
A134P,S
A134D,S
A134V,S
A134G,S
T135S,S
T135P,S
T135A,S
T135N,S
T135I,S
D136N,S
D136Y,S
D136H,S
D136V,S
D136A,S
D136G,S
D136E,S
H137N,S
H137Y,S
H137D,S
H137L,S
H137P,S
H137R,S
H137Q,S
C138S,S
C138R,S
C138G,S
C138Y,S
C138F,S
C138W,S
V139M,S
V139L,S
V139E,S
V139A,S
V139G,S
R140S,S
R140C,S
R140G,S
R140H,S
R140L,S
R140P,S
Q141K,S
Q141E,S
Q141L,S
Q141P,S
Q141R,S
Q141H,S
T142S,S
T142P,S
T142A,S
T142K,S
T142M,S
T142R,S
A143T,S
A143S,S
A143P,S
A143D,S
A143V,S
A143G,S
E144K,S
E144Q,S
E144V,S
E144A,S
E144G,S
E144D,S
D145N,S
D145Y,S
D145H,S
D145V,S
D145A,S
D145G,S
D145E,S
A146T,S
A146S,S
A146P,S
A146E,S
A146V,S
A146G,S
V147I,S
V147L,S
V147E,S
V147A,S
V147G,S
R148S,S
R148C,S
R148G,S
R148H,S
R148L,S
R148P,S
N149Y,S
N149H,S
N149D,S
N149I,S
N149T,S
N149S,S
N149K,S
G150S,S
G150C,S
G150R,S
G150D,S
G150V,S
G150A,S
L151M,S
L151V,S
L151S,S
L151W,S
L151F,S
A152T,S
A152S,S
A152P,S
A152D,S
A152V,S
A152G,S
T153S,S
T153P,S
T153A,S
T153N,S
T153I,S
R154W,S
R154G,S
R154K,S
R154M,S
R154T,S
R154S,S
V155M,S
V155L,S
V155E,S
V155A,S
V155G,S
L156M,S
L156V,S
L156Q,S
L156P,S
L156R,S
V157M,S
V157L,S
V157E,S
V157A,S
V157G,S
D158N,S
D158Y,S
D158H,S
D158V,S
D158A,S
D158G,S
D158E,S
L159M,S
L159V,S
L159Q,S
L159P,S
L159R,S
T160S,S
T160P,S
T160A,S
T160K,S
T160I,S
T160R,S
A161T,S
A161S,S
A161P,S
A161E,S
A161V,S
A161G,S
G162S,S
G162C,S
G162R,S
G162D,S
G162V,S
G162A,S
V163M,S
V163L,S
V163E,S
V163A,S
V163G,S
S164T,S
S164P,S
S164A,S
S164L,S
S164W,S
A165T,S
A165S,S
A165P,S
A165D,S
A165V,S
A165G,S
D166N,S
D166Y,S
D166H,S
D166V,S
D166A,S
D166G,S
D166E,S
T167S,S
T167P,S
T167A,S
T167N,S
T167I,S
T168S,S
T168P,S
T168A,S
T168N,S
T168I,S
V169I,S
V169F,S
V169L,S
V169D,S
V169A,S
V169G,S
A170T,S
A170S,S
A170P,S
A170D,S
A170V,S
A170G,S
A171T,S
A171S,S
A171P,S
A171E,S
A171V,S
A171G,S
L172M,S
L172V,S
L172Q,S
L172P,S
L172R,S
E173K,S
E173Q,S
E173V,S
E173A,S
E173G,S
E173D,S
E174K,S
E174Q,S
E174V,S
E174A,S
E174G,S
E174D,S
M175L,S
M175V,S
M175K,S
M175T,S
M175R,S
M175I,S
R176S,S
R176C,S
R176G,S
R176H,S
R176L,S
R176P,S
T177S,S
T177P,S
T177A,S
T177N,S
T177I,S
A178T,S
A178S,S
A178P,S
A178D,S
A178V,S
A178G,S
S179C,S
S179R,S
S179G,S
S179N,S
S179I,S
S179T,S
V180I,S
V180F,S
V180L,S
V180D,S
V180A,S
V180G,S
E181K,S
E181Q,S
E181V,S
E181A,S
E181G,S
E181D,S
L182M,S
L182V,S
L182S,S
L182W,S
L182F,S
V183I,S
V183F,S
V183L,S
V183D,S
V183A,S
V183G,S
C184S,S
C184R,S
C184G,S
C184Y,S
C184F,S
C184W,S
S185C,S
S185R,S
S185G,S
S185N,S
S185I,S
S185T,S
