MUTATION,PREDICTION
A102P,R
A134V,R
A143G,R
A146T,R
A146V,R
A171E,R
A3E,R
A46E,R
A46V,R
C138R,R
C14!,R
C14R,R
C72R,R
C72Y,R
D12A,R
D12E,R
D12G,R
D12N,R
D49A,R
D49E,R
D49G,R
D49N,R
D63A,R
D63G,R
D8A,R
D8E,R
D8G,R
D8N,R
E15!,R
E181!,R
E91!,R
F106S,R
F13I,R
F13L,R
F58L,R
F81V,R
F94C,R
F94L,R
F94S,R
G105D,R
G105V,R
G108R,R
G132A,R
G132D,R
G132S,R
G162D,R
G17D,R
G24D,R
G97C,R
G97D,R
G97R,R
G97S,R
G97V,R
H51D,R
H51P,R
H51Q,R
H51R,R
H51Y,R
H57D,R
H57R,R
H57Y,R
H71P,R
H71R,R
H71Y,R
H82R,R
I133T,R
I31S,R
I5S,R
I6T,R
I90S,R
I90T,R
K48E,R
K48T,R
K96E,R
K96Q,R
K96R,R
K96T,R
L116P,R
L120P,R
L120Q,R
L120R,R
L151S,R
L159R,R
L172P,R
L172R,R
L182S,R
L182W,R
L19P,R
L27P,R
L4S,R
L4W,R
L85P,R
L85R,R
M175T,R
M175V,R
M1T,R
P54L,R
P54Q,R
P62L,R
P62S,R
P62T,R
P69L,R
Q10!,R
Q10H,R
Q10P,R
Q10R,R
Q122!,R
Q141!,R
Q141P,R
R154G,R
S104I,R
S104R,R
S164!,R
S164P,R
S18!,R
S59P,R
S67P,R
T135P,R
T142A,R
T142K,R
T142M,R
T160P,R
T168P,R
T177P,R
T47A,R
T47P,R
T76I,R
T76P,R
V125F,R
V125G,R
V128G,R
V130G,R
V131F,R
V131G,R
V139A,R
V139G,R
V139L,R
V155G,R
V155M,R
V180A,R
V180F,R
V180G,R
V21G,R
V44G,R
V7A,R
V7G,R
V7L,R
V9G,R
W119!,R
W119C,R
W119G,R
W119R,R
W68!,R
W68C,R
W68G,R
W68R,R
Y103!,R
Y103C,R
Y103D,R
Y103H,R
Y103S,R
Y34!,R
Y34D,R
Y41!,R
Y64!,R
Y64D,R
Y99!,R
A171V,S
A79T,S
A79V,S
D136N,S
E15G,S
I6L,S
L35R,S
S66L,S
T114M,S
T168I,S
T87M,S
V21A,S
H71D,R
L116R,R
T135N,R
