MUTATION,YADON_RESULT
M1I,R
M1L,R
M1V,S
R2Q,S
A3E,R
A3S,S
A3V,S
L4!,R
L4F,R
L4M,S
L4S,R
L4W,R
I5F,R
I5M,R
I5N,R
I5T,R
I5V,S
I6F,R
I6M,R
I6T,R
V7A,R
V7D,R
V7F,R
V7I,S
V7L,R
D8A,R
D8E,R
D8G,R
D8H,R
D8N,R
D8V,R
D8Y,R
V9L,S
V9M,S
Q10!,R
Q10E,R
Q10H,R
Q10L,R
Q10R,R
N11H,S
N11I,S
N11S,S
N11T,R
N11Y,S
D12E,R
D12G,R
D12H,R
D12N,R
D12Y,R
F13I,R
F13L,S
F13V,R
F13Y,R
C14!,R
C14R,R
C14W,R
C14Y,R
E15!,R
E15D,S
E15K,S
E15Q,S
G16R,R
G16S,S
G16V,R
G17C,R
G17D,R
G17S,S
G17V,S
S18!,R
S18L,R
S18P,S
L19P,R
L19Q,R
L19V,S
A20E,S
A20S,S
A20T,S
V21A,R
V21E,R
V21L,S
T22A,S
T22I,R
T22S,S
G23A,S
G23R,S
G23S,S
G23V,R
G24D,R
G24V,R
A25T,S
A25V,S
A26P,S
A26T,S
A26V,R
L27P,R
L27Q,R
L27V,S
A28G,S
A28P,S
A28S,R
A28V,S
R29C,R
R29G,S
R29P,S
R29S,S
A30D,S
A30P,R
A30T,S
A30V,R
I31F,R
I31N,R
I31T,R
S32G,S
S32I,R
S32N,R
S32R,S
S32T,S
D33A,S
D33E,S
D33N,S
D33V,S
D33Y,S
Y34C,S
Y34H,S
L35P,R
L35Q,S
L35V,S
A36D,R
A36S,R
A36V,S
E37!,R
E37D,S
A38G,R
A38T,S
A38V,S
A39E,S
A39G,S
A39S,S
A39T,S
D40E,S
Y41!,R
Y41H,R
H42L,S
H42N,R
H42Q,R
H42R,S
H43D,S
H43L,S
H43P,R
H43Q,R
H43R,S
H43Y,S
V44D,R
V44I,S
V44L,S
V45A,S
V45L,S
A46E,R
A46P,R
A46S,S
A46V,R
T47I,R
T47S,R
K48!,R
K48E,R
K48Q,S
K48T,R
D49E,R
D49G,R
D49H,R
D49N,R
D49V,R
D49Y,R
F50Y,S
H51D,R
H51L,R
H51N,R
H51R,R
H51Y,R
I52L,S
I52M,S
I52N,S
I52T,R
D53E,R
D53N,S
P54L,R
P54Q,R
P54R,R
P54S,R
P54T,R
G55C,R
G55V,S
D56A,S
D56E,S
D56N,S
H57D,R
H57L,R
H57N,R
H57P,R
H57Q,R
H57R,R
H57Y,R
F58I,R
F58L,R
F58S,R
F58Y,S
S59F,R
S59P,R
S59T,S
G60C,S
G60D,S
G60R,S
G60S,S
G60V,S
T61A,S
T61K,S
P62A,R
P62L,R
P62Q,R
P62R,R
P62S,R
D63E,R
D63G,R
D63H,R
D63N,S
D63Y,R
Y64!,R
Y64N,S
S65C,S
S65F,R
S65P,R
S66!,R
S66L,S
S66T,S
S67!,R
S67L,S
S67P,R
S67T,S
S67W,S
W68!,R
W68C,R
W68L,R
W68R,R
P69L,R
P69Q,R
P69S,R
P70Q,S
P70S,R
P70T,S
H71L,R
H71N,R
H71Q,R
H71R,R
H71Y,R
C72!,R
C72F,R
C72R,R
C72S,S
C72W,R
C72Y,R
V73D,S
V73I,S
V73L,S
S74C,S
S74G,S
S74I,S
S74R,S
G75C,S
G75D,S
G75V,R
T76I,R
T76S,R
P77L,S
P77S,R
P77T,S
G78C,R
G78D,R
G78S,S
G78V,R
A79P,R
A79S,S
D80E,S
D80G,S
D80H,R
D80N,S
D80V,S
D80Y,S
F81L,S
F81S,R
F81Y,S
H82L,R
H82Q,S
H82R,R
P83R,S
P83S,S
P83T,S
S84C,S
S84G,S
S84I,S
S84N,S
S84R,S
L85P,R
L85Q,R
L85R,R
L85V,S
D86E,S
D86G,S
D86N,S
D86V,R
T87R,S
S88!,R
S88A,S
S88L,S
S88P,S
S88T,R
A89P,S
A89S,S
A89V,R
I90F,S
I90V,S
E91!,R
E91D,S
A92E,R
A92S,S
V93E,R
V93L,R
F94C,R
F94S,R
Y95!,R
Y95C,S
Y95H,S
Y95N,S
K96!,R
K96E,R
K96M,R
K96N,R
K96Q,R
K96R,R
K96T,R
G97C,R
G97D,R
G97S,R
A98D,S
Y99!,R
Y99C,S
Y99D,S
Y99F,S
Y99N,S
T100A,S
T100S,S
G101!,R
G101E,R
G101R,S
A102P,R
A102V,S
Y103!,R
Y103H,R
Y103N,S
S104C,R
S104R,R
G105A,S
G105D,R
G105R,R
G105S,S
G105V,R
F106L,S
F106S,R
F106Y,R
E107D,S
E107G,S
E107K,S
E107Q,S
G108!,R
G108E,R
G108R,R
V109D,S
V109F,S
V109G,S
V109L,R
D110E,R
D110G,S
D110H,R
D110N,R
D110V,S
D110Y,S
E111!,R
E111A,S
E111D,S
E111G,S
E111K,S
N112D,S
N112H,S
N112K,S
N112S,R
N112Y,S
G113A,S
G113R,S
G113S,S
G113V,S
T114A,R
T114M,S
P115A,R
P115L,S
P115R,R
P115S,S
P115T,S
L116Q,R
L116R,R
L117P,S
L117Q,R
L117V,S
N118I,S
N118Y,R
W119!,R
W119C,S
W119G,R
W119L,R
W119R,R
L120M,S
L120P,R
L120Q,R
L120V,S
R121G,S
R121L,S
Q122!,R
Q122H,S
Q122K,R
Q122L,S
R123C,S
R123G,S
R123H,S
R123L,S
R123S,R
G124A,S
G124C,S
G124D,S
G124S,R
V125A,R
V125D,R
V125G,S
V125I,S
V125L,S
D126H,S
D126N,S
D126V,S
D126Y,S
E127!,R
E127D,R
E127G,S
E127K,S
V128A,R
V128D,R
V128I,S
D129E,R
D129N,R
D129V,S
D129Y,S
V130E,R
V130L,S
V131A,S
V131D,R
V131F,R
V131I,R
V131L,S
G132A,R
G132C,R
G132D,R
G132R,R
G132S,R
G132V,R
I133F,R
I133M,S
I133N,R
I133V,S
A134P,R
A134S,S
A134V,R
T135I,R
T135N,R
T135P,R
T135S,R
D136E,S
D136H,R
D136V,R
D136Y,R
H137D,R
H137P,R
H137Q,S
H137R,S
C138!,R
C138F,R
C138G,R
C138R,R
C138S,R
C138Y,R
V139A,R
V139E,R
V139G,R
V139M,R
R140L,S
R140P,R
R140S,S
Q141!,R
Q141E,S
Q141K,S
Q141L,S
Q141R,S
T142K,R
T142M,R
T142R,R
A143D,R
E144!,R
E144D,S
E144G,S
E144K,S
E144V,S
D145E,R
D145G,S
D145N,S
A146E,R
A146S,R
A146T,R
A146V,R
V147A,R
V147L,S
R148L,S
R148S,S
N149D,S
N149H,S
N149I,R
N149K,S
N149S,S
N149Y,R
L151!,R
L151F,S
L151M,S
L151S,R
A152P,S
A152S,S
A152V,R
T153A,S
T153N,R
T153S,S
R154M,R
R154S,S
R154T,S
V155E,R
V155M,R
L156M,S
L156P,R
L156R,R
V157A,S
V157L,S
D158E,S
D158G,R
D158N,S
L159P,R
L159Q,R
L159R,S
L159V,R
T160I,S
T160K,R
T160R,R
T160S,S
A161E,S
A161P,R
A161S,S
A161T,S
G162A,R
G162C,S
G162D,R
G162V,R
V163A,S
V163E,R
V163M,S
S164!,R
S164P,R
A165D,R
D166H,S
T167A,S
T168A,S
T168S,R
V169A,S
V169D,S
V169F,S
V169I,S
V169L,S
A170S,R
A170V,R
A171E,R
A171T,R
A171V,S
L172P,R
L172Q,S
E173!,R
E173D,S
E173G,R
E173K,S
E173V,S
E174G,R
E174K,R
E174V,S
M175I,R
M175K,R
M175L,S
M175T,R
M175V,R
R176G,S
R176P,R
R176S,S
T177I,S
T177N,S
T177S,S
A178D,S
A178V,S
S179C,S
S179I,S
S179N,R
S179R,S
V180D,R
V180F,R
V180I,S
E181!,R
E181D,S
E181K,R
L182M,S
L182S,R
V183A,S
V183D,R
V183I,S
V183L,R
C184R,R
C184Y,S
S185C,S
S185G,S
S185I,S
S185N,S
S185R,S
S185T,S
S186F,R
S186P,S
!187W,S
!187Y,S
